-- liquibase formatted sql

-- changeset ilyatr:5-insert-users
INSERT INTO users (id, name, email, password) VALUES 
('1', 'user1', 'user1@example.com', 'password1'),
('2', 'user2', 'user2@example.com', 'password2'),
('3', 'user3', 'user3@example.com', 'password3'),
('4', 'user4', 'user4@example.com', 'password4'),
('5', 'user5', 'user5@example.com', 'password5'),
('6', 'user6', 'user6@example.com', 'password6'),
('7', 'user7', 'user7@example.com', 'password7'),
('8', 'user8', 'user8@example.com', 'password8'),
('9', 'user9', 'user9@example.com', 'password9'),
('10', 'user10', 'user10@example.com', 'password10'),
('11', 'user11', 'user11@example.com', 'password11'),
('12', 'user12', 'user12@example.com', 'password12'),
('13', 'user13', 'user13@example.com', 'password13'),
('14', 'user14', 'user14@example.com', 'password14'),
('15', 'user15', 'user15@example.com', 'password15'),
('16', 'user16', 'user16@example.com', 'password16'),
('17', 'user17', 'user17@example.com', 'password17'),
('18', 'user18', 'user18@example.com', 'password18'),
('19', 'user19', 'user19@example.com', 'password19'),
('20', 'user20', 'user20@example.com', 'password20');

-- changeset ilyatr:6-insert-events
INSERT INTO events (id, title, date, category, price) VALUES 
('1', 'The Rolling Stones Concert', '2025-12-01 19:00:00', 'Concert', 100.00),
('2', 'Tomorrowland Festival', '2025-12-02 15:00:00', 'Festival', 250.00),
('3', 'Hamlet Performance', '2025-12-03 18:30:00', 'Theater', 75.00),
('4', 'Modern Art Exhibition', '2025-12-04 10:00:00', 'Exhibition', 20.00),
('5', 'Swan Lake Ballet', '2025-12-05 19:00:00', 'Dance', 90.00),
('6', 'Star Wars: Episode VII', '2025-12-06 20:00:00', 'Cinema', 15.00),
('7', 'Dave Chappelle Stand-up', '2025-12-07 21:00:00', 'Comedy', 85.00),
('8', 'Cirque du Soleil', '2025-12-08 19:30:00', 'Show', 120.00),
('9', 'New Year Eve Party', '2025-12-09 22:00:00', 'Party', 60.00),
('10', 'Jazz Festival', '2025-12-10 16:00:00', 'Festival', 55.00);

-- changeset ilyatr:7-insert-subscriptions
INSERT INTO subscriptions (user_id, event_id) VALUES
('1', '1'),
('2', '1'),
('3', '2'),
('4', '2'),
('5', '3'),
('6', '3'),
('7', '4'),
('8', '4'),
('9', '5'),
('10', '5'),
('11', '6'),
('12', '6'),
('13', '7'),
('14', '7'),
('15', '8'),
('16', '8'),
('17', '9'),
('18', '9'),
('19', '10'),
('20', '10');

-- changeset ilyatr:8-insert-comments
INSERT INTO comments (id, user_id, event_id, text, created_at, updated_at) VALUES
('1', '1', '1', 'Amazing concert! Can''t wait for the next one!', '2025-12-01 20:00:00', '2025-12-01 20:05:00'),
('2', '1', '2', 'Festival was absolutely incredible!', '2025-12-02 16:00:00', '2025-12-02 16:15:00'),
('3', '1', '3', 'The theater performance was outstanding!', '2025-12-03 19:00:00', '2025-12-03 19:20:00'),
('4', '1', '4', 'The art exhibition was very inspiring.', '2025-12-04 11:00:00', '2025-12-04 11:30:00'),
('5', '1', '5', 'Swan Lake was a beautiful ballet performance.', '2025-12-05 20:00:00', '2025-12-05 20:25:00'),
('6', '2', '1', 'The Rolling Stones are legends!', '2025-12-01 20:10:00', '2025-12-01 20:15:00'),
('7', '2', '2', 'Best festival experience ever!', '2025-12-02 16:10:00', '2025-12-02 16:25:00'),
('8', '2', '3', 'Hamlet was performed brilliantly.', '2025-12-03 19:10:00', '2025-12-03 19:25:00'),
('9', '2', '4', 'Loved the modern art exhibition!', '2025-12-04 11:10:00', '2025-12-04 11:35:00'),
('10', '2', '5', 'Beautiful ballet, great performance.', '2025-12-05 20:10:00', '2025-12-05 20:30:00'),
('11', '3', '2', 'Tomorrowland was mind-blowing!', '2025-12-02 16:20:00', '2025-12-02 16:35:00'),
('12', '3', '6', 'Star Wars movie was fantastic in theater!', '2025-12-06 21:00:00', '2025-12-06 21:10:00'),
('13', '3', '7', 'Dave Chappelle is so funny!', '2025-12-07 22:00:00', '2025-12-07 22:15:00'),
('14', '3', '8', 'Cirque du Soleil was amazing!', '2025-12-08 20:00:00', '2025-12-08 20:20:00'),
('15', '3', '9', 'Best New Year party ever!', '2025-12-09 23:00:00', '2025-12-09 23:30:00'),
('16', '4', '2', 'Festival atmosphere was perfect!', '2025-12-02 16:30:00', '2025-12-02 16:45:00'),
('17', '4', '6', 'Great movie experience!', '2025-12-06 21:10:00', '2025-12-06 21:20:00'),
('18', '4', '7', 'Very entertaining comedy show!', '2025-12-07 22:10:00', '2025-12-07 22:25:00'),
('19', '4', '8', 'Incredible acrobatics at the show!', '2025-12-08 20:10:00', '2025-12-08 20:25:00'),
('20', '4', '9', 'Perfect party for New Year!', '2025-12-09 23:10:00', '2025-12-09 23:35:00'),
('21', '5', '3', 'Best theater performance I''ve seen!', '2025-12-03 19:20:00', '2025-12-03 19:40:00'),
('22', '5', '4', 'The exhibition had some unique pieces.', '2025-12-04 11:20:00', '2025-12-04 11:40:00'),
('23', '5', '5', 'Swan Lake ballet was magnificent.', '2025-12-05 20:20:00', '2025-12-05 20:35:00'),
('24', '5', '1', 'Concert was absolutely epic!', '2025-12-01 20:20:00', '2025-12-01 20:30:00'),
('25', '5', '10', 'Jazz Festival had great musicians!', '2025-12-10 17:00:00', '2025-12-10 17:20:00'),
('26', '6', '3', 'Hamlet was superbly acted!', '2025-12-03 19:30:00', '2025-12-03 19:45:00'),
('27', '6', '4', 'Interesting exhibition, well curated.', '2025-12-04 11:30:00', '2025-12-04 11:45:00'),
('28', '6', '5', 'Beautiful interpretation of Swan Lake.', '2025-12-05 20:30:00', '2025-12-05 20:40:00'),
('29', '6', '1', 'Rolling Stones concert of a lifetime!', '2025-12-01 20:30:00', '2025-12-01 20:45:00'),
('30', '6', '10', 'Fantastic jazz performances!', '2025-12-10 17:10:00', '2025-12-10 17:25:00'),
('31', '7', '4', 'The art was very thought-provoking.', '2025-12-04 11:40:00', '2025-12-04 11:50:00'),
('32', '7', '1', 'Best concert ever attended!', '2025-12-01 20:40:00', '2025-12-01 20:50:00'),
('33', '7', '2', 'Festival had amazing energy!', '2025-12-02 16:40:00', '2025-12-02 16:55:00'),
('34', '7', '3', 'Excellent theater production.', '2025-12-03 19:40:00', '2025-12-03 19:55:00'),
('35', '7', '5', 'Ballet performance was flawless.', '2025-12-05 20:40:00', '2025-12-05 20:50:00'),
('36', '8', '4', 'Loved the modern art pieces!', '2025-12-04 11:50:00', '2025-12-04 12:00:00'),
('37', '8', '1', 'Unforgettable concert experience!', '2025-12-01 20:50:00', '2025-12-01 21:00:00'),
('38', '8', '2', 'Best festival I''ve been to!', '2025-12-02 16:50:00', '2025-12-02 17:05:00'),
('39', '8', '3', 'Hamlet was perfectly cast.', '2025-12-03 19:50:00', '2025-12-03 20:05:00'),
('40', '8', '5', 'Swan Lake was breathtaking.', '2025-12-05 20:50:00', '2025-12-05 21:00:00'),
('41', '9', '5', 'Most beautiful ballet I''ve ever seen!', '2025-12-05 21:00:00', '2025-12-05 21:15:00'),
('42', '9', '1', 'The Rolling Stones are timeless!', '2025-12-01 21:00:00', '2025-12-01 21:10:00'),
('43', '9', '2', 'Festival had amazing music!', '2025-12-02 17:00:00', '2025-12-02 17:15:00'),
('44', '9', '3', 'Outstanding theater performance!', '2025-12-03 20:00:00', '2025-12-03 20:15:00'),
('45', '9', '4', 'The exhibition inspired me!', '2025-12-04 12:00:00', '2025-12-04 12:15:00'),
('46', '10', '5', 'Perfect ballet evening!', '2025-12-05 21:10:00', '2025-12-05 21:20:00'),
('47', '10', '1', 'Concert was absolutely phenomenal!', '2025-12-01 21:10:00', '2025-12-01 21:20:00'),
('48', '10', '2', 'Festival had incredible vibes!', '2025-12-02 17:10:00', '2025-12-02 17:25:00'),
('49', '10', '3', 'Best Hamlet I''ve ever seen!', '2025-12-03 20:10:00', '2025-12-03 20:25:00'),
('50', '10', '4', 'Amazing art exhibition!', '2025-12-04 12:10:00', '2025-12-04 12:25:00');